{
    "name": "root",
    "gauges": {
        "ProjectBoost.Policy.Entropy.mean": {
            "value": 1.5966436862945557,
            "min": 1.5671088695526123,
            "max": 2.112020254135132,
            "count": 2500
        },
        "ProjectBoost.Policy.Entropy.sum": {
            "value": 3185.30419921875,
            "min": 2977.99560546875,
            "max": 4877.865234375,
            "count": 2500
        },
        "ProjectBoost.Environment.EpisodeLength.mean": {
            "value": 16.362068965517242,
            "min": 14.8046875,
            "max": 35.31481481481482,
            "count": 2500
        },
        "ProjectBoost.Environment.EpisodeLength.sum": {
            "value": 1898.0,
            "min": 1823.0,
            "max": 1997.0,
            "count": 2500
        },
        "ProjectBoost.Step.mean": {
            "value": 4999993.0,
            "min": 1967.0,
            "max": 4999993.0,
            "count": 2500
        },
        "ProjectBoost.Step.sum": {
            "value": 4999993.0,
            "min": 1967.0,
            "max": 4999993.0,
            "count": 2500
        },
        "ProjectBoost.Policy.ExtrinsicValueEstimate.mean": {
            "value": 15.888729095458984,
            "min": -3.8088724613189697,
            "max": 17.893531799316406,
            "count": 2500
        },
        "ProjectBoost.Policy.ExtrinsicValueEstimate.sum": {
            "value": 1843.092529296875,
            "min": -276.17572021484375,
            "max": 2093.113037109375,
            "count": 2500
        },
        "ProjectBoost.Environment.CumulativeReward.mean": {
            "value": 24.38032793176585,
            "min": -23.895402734929863,
            "max": 49.69048594502569,
            "count": 2500
        },
        "ProjectBoost.Environment.CumulativeReward.sum": {
            "value": 2828.118040084839,
            "min": -2129.921989440918,
            "max": 5242.106029510498,
            "count": 2500
        },
        "ProjectBoost.Policy.ExtrinsicReward.mean": {
            "value": 24.38032793176585,
            "min": -23.895402734929863,
            "max": 49.69048594502569,
            "count": 2500
        },
        "ProjectBoost.Policy.ExtrinsicReward.sum": {
            "value": 2828.118040084839,
            "min": -2129.921989440918,
            "max": 5242.106029510498,
            "count": 2500
        },
        "ProjectBoost.IsTraining.mean": {
            "value": 1.0,
            "min": 1.0,
            "max": 1.0,
            "count": 2500
        },
        "ProjectBoost.IsTraining.sum": {
            "value": 1.0,
            "min": 1.0,
            "max": 1.0,
            "count": 2500
        },
        "ProjectBoost.Losses.PolicyLoss.mean": {
            "value": 0.02490711722445364,
            "min": 0.013585877077033123,
            "max": 0.039713112715010844,
            "count": 487
        },
        "ProjectBoost.Losses.PolicyLoss.sum": {
            "value": 0.02490711722445364,
            "min": 0.013585877077033123,
            "max": 0.039713112715010844,
            "count": 487
        },
        "ProjectBoost.Losses.ValueLoss.mean": {
            "value": 630.3871134440104,
            "min": 72.08554534912109,
            "max": 672.1448893229167,
            "count": 487
        },
        "ProjectBoost.Losses.ValueLoss.sum": {
            "value": 630.3871134440104,
            "min": 72.08554534912109,
            "max": 672.1448893229167,
            "count": 487
        },
        "ProjectBoost.Policy.LearningRate.mean": {
            "value": 3.806798731399858e-07,
            "min": 3.806798731399858e-07,
            "max": 0.00029938524020491997,
            "count": 487
        },
        "ProjectBoost.Policy.LearningRate.sum": {
            "value": 3.806798731399858e-07,
            "min": 3.806798731399858e-07,
            "max": 0.00029938524020491997,
            "count": 487
        },
        "ProjectBoost.Policy.Epsilon.mean": {
            "value": 0.10012686000000001,
            "min": 0.10012686000000001,
            "max": 0.19979508000000007,
            "count": 487
        },
        "ProjectBoost.Policy.Epsilon.sum": {
            "value": 0.10012686000000001,
            "min": 0.10012686000000001,
            "max": 0.19979508000000007,
            "count": 487
        },
        "ProjectBoost.Policy.Beta.mean": {
            "value": 1.633031399999977e-05,
            "min": 1.633031399999977e-05,
            "max": 0.004989774492,
            "count": 487
        },
        "ProjectBoost.Policy.Beta.sum": {
            "value": 1.633031399999977e-05,
            "min": 1.633031399999977e-05,
            "max": 0.004989774492,
            "count": 487
        }
    },
    "metadata": {
        "timer_format_version": "0.1.0",
        "start_time_seconds": "1629829448",
        "python_version": "3.8.2 (default, Jun  8 2021, 11:59:35) \n[Clang 12.0.5 (clang-1205.0.22.11)]",
        "command_line_arguments": "/Users/dennisnyabuti/Documents/Dev/Unity/external-repos/mlagents_env/bin/mlagents-learn config/ppo/ProjectBoost.yaml --run-id=ProjectBoost-5M-No-middle-obstacle --force",
        "mlagents_version": "0.27.0",
        "mlagents_envs_version": "0.27.0",
        "communication_protocol_version": "1.5.0",
        "pytorch_version": "1.8.1",
        "numpy_version": "1.21.1",
        "end_time_seconds": "1629834074"
    },
    "total": 4626.186987584,
    "count": 1,
    "self": 0.01170251600069605,
    "children": {
        "run_training.setup": {
            "total": 0.03824484699999997,
            "count": 1,
            "self": 0.03824484699999997
        },
        "TrainerController.start_learning": {
            "total": 4626.137040221,
            "count": 1,
            "self": 8.933917951794683,
            "children": {
                "TrainerController._reset_env": {
                    "total": 34.438221512000005,
                    "count": 1,
                    "self": 34.438221512000005
                },
                "TrainerController.advance": {
                    "total": 4582.634321280205,
                    "count": 420503,
                    "self": 8.309049282276646,
                    "children": {
                        "env_step": {
                            "total": 3154.0397919340217,
                            "count": 420503,
                            "self": 2898.1128856821724,
                            "children": {
                                "SubprocessEnvManager._take_step": {
                                    "total": 250.87595468492893,
                                    "count": 420503,
                                    "self": 15.305316579996656,
                                    "children": {
                                        "TorchPolicy.evaluate": {
                                            "total": 235.57063810493227,
                                            "count": 238106,
                                            "self": 55.94005982707796,
                                            "children": {
                                                "TorchPolicy.sample_actions": {
                                                    "total": 179.6305782778543,
                                                    "count": 238106,
                                                    "self": 179.6305782778543
                                                }
                                            }
                                        }
                                    }
                                },
                                "workers": {
                                    "total": 5.050951566920304,
                                    "count": 420503,
                                    "self": 0.0,